,Ticker,HeadlineID,Headline,Timestamp,Source
0,SPY,0de92255,"Why Is SPY ETF Up Today, 3/9/2026?",2026-03-09 21:53:15,TipRanks
0,TSLA,9711a084,QOTD: Are You A Satisfied EV Owner?,2026-03-09 22:52:31,thetruthaboutcars.com
1,TSLA,513f777a,"Burford Capital (BUR) FQ4 2025 Earnings, Here’s What You Should Know",2026-03-09 20:31:00,Insider Monkey
2,TSLA,4954cd04,Tesla Finance VP Exits in Latest Departure for Musk’s EV Maker,2026-03-09 19:37:00,Bloomberg.com
3,TSLA,f1988fe3,General Motors Co Stock (GM) Moved Down by 3.12% on Mar 9: What Investors Need To Know,2026-03-09 18:50:20,TradingKey
4,TSLA,5375886a,Tesla Loses Director Behind Robotaxi Backend: What Do Prediction Markets Say?,2026-03-09 18:15:00,Benzinga
5,TSLA,bf5b9fb6,Lucid (LCID) and Rivian (RIVN) Stocks Jump as Oil Rises but Tesla (TSLA) Stock Lags,2026-03-09 18:02:20,24/7 Wall St.
6,TSLA,c2a8b458,"Tesla's FSD Safety Metrics 'Sharply Deteriorating,' Says Analyst",2026-03-09 17:51:14,Benzinga
7,TSLA,db266a5f,EXL Australia and New Zealand Announces “AI in Action”,2026-03-09 17:00:00,GlobeNewswire
8,TSLA,2a390e6f,Expanding Into Value,2026-03-09 15:49:51,BNY
9,TSLA,ceaf20e3,5 Companies Quietly Eating Tesla’s Lunch in 2026 — and One Is Already Winning,2026-03-09 14:51:07,24/7 Wall St.
10,TSLA,5003d73f,"GMP, Power Guru team up to introduce Enphase Energy to Vermont",2026-03-09 14:50:08,Brattleboro Reformer
11,TSLA,21284128,ASGN completes acquisition of IT services firm Quinnox,2026-03-09 13:52:09,Investing.com
12,TSLA,321101ec,Corpus Christi law firm sues Tesla over assault tied to Austin mass shooter,2026-03-09 13:51:15,kiiitv.com
13,TSLA,d6ed7d5a,Jim Cramer on Brand Engagement Network: “It Would Not Be My Cup of Tea”,2026-03-09 13:28:00,Insider Monkey
14,TSLA,4b86eb29,Sociedad Química y Minera de Chile (SQM) Is Down 7.7% After Return To Profitability And Codelco Lithium Deal,2026-03-09 11:52:35,Simply Wall St
15,TSLA,f221bfd6,"Qualcomm, Tata Electronics to manufacture automotive modules",2026-03-09 08:59:50,Evertiq
16,TSLA,9d596c2b,"Baird Sees Strong Earnings Potential, Upgrades RPM to Outperform",2026-03-09 08:52:04,Insider Monkey
17,TSLA,7c74b0f5,"YieldMax® ETFs Announces Distributions on MSST, NVIT, and TEST",2026-03-09 06:55:00,markets.businessinsider.com
18,TSLA,45862f4a,Prospecting: Ford’s U.S. Sales Drop 5.5% In February As EV Volume Plunges.,2026-03-09 06:25:23,Insideradio.com
19,TSLA,a47708b4,INDZ ETF Stock Price History,2026-03-09 03:51:53,Investing.com
0,QUBT,6642a8cd,QCi completes acquisition of quantum communications firm NuCrypt,2026-03-09 11:52:57,Evertiq
0,IBM,e42efe74,Morgan Stanley Lowers PT on International Business Machines Corporation (IBM) Stock,2026-03-09 20:05:27,Finviz
1,IBM,54e09dd3,Falcon's Beyond Global (NASDAQ:FBYD) Shares Gap Down - Here's What Happened,2026-03-09 17:52:01,MarketBeat
2,IBM,5862d71f,TransUnion cuts VantageScore 4.0 price to 99 cents for mortgage lenders,2026-03-09 16:03:34,HousingWire
3,IBM,00462457,Ohio Rep. David Taylor Sold Over $49K Worth of IBM Stock: Here's What You Should Know,2026-03-09 14:50:28,Benzinga
4,IBM,3c70eabc,SEI teams with IBM to automate routine tasks using agentic AI,2026-03-09 14:50:27,Stock Titan
5,IBM,8a77a7e9,VivoPower leverages sovereign partnerships to secure AI infrastructure advantage,2026-03-09 13:52:11,Proactive financial news
6,IBM,7566e45a,"Microsoft Unveils E7 Suite, Copilot Cowork In Enterprise AI Push",2026-03-09 13:50:40,CRN
7,IBM,88d57958,"Schroder Investment Management Group Sells 183,228 Shares of International Business Machines Corporation $IBM",2026-03-09 12:17:26,MarketBeat
8,IBM,f2486182,Swiss National Bank Lowers Stock Position in International Business Machines Corporation $IBM,2026-03-09 12:15:26,MarketBeat
9,IBM,11d6d19e,Private Advisor Group LLC Lowers Position in International Business Machines Corporation $IBM,2026-03-09 11:08:47,MarketBeat
10,IBM,7ed7d576,Sangamo Therapeutics (SGMO) to Release Earnings on Monday,2026-03-09 05:54:12,MarketBeat
11,IBM,0ab1aef1,Tech Data Collaborates with NetApp to Launch AI Test Drive Center to Accelerate Enterprise Transformation,2026-03-09 05:54:05,Bisinfotech
0,PLUG,b5ec6dad,Wells Fargo Raises Price Target For Plug Power (PLUG),2026-03-09 20:11:00,Finviz - Stock Screener
1,PLUG,0ca19198,"Plug Power plans hydrogen offering in PJM power grid auction, CEO tells Bloomberg (PLUG:NASDAQ)",2026-03-09 15:52:48,Seeking Alpha
2,PLUG,72a515fe,Why Plug Power Stock Is Surging After a February Slump,2026-03-09 14:52:48,The Motley Fool
3,PLUG,1f3d0b3c,Plug Power Stock Falls As Geopolitical Tensions Weigh On Markets - Plug Power (NASDAQ:PLUG),2026-03-09 13:52:48,Benzinga
4,PLUG,dfd0b708,PLUG Stock Drops 3% Premarket After Plan To Supply Hydrogen Power In Potential Trump-Backed Auction,2026-03-09 06:52:48,Stocktwits
0,NOW,198c2056,"Top Superinvestors Are Buying ServiceNow, Inc. (NOW)",2026-03-09 22:18:40,The Acquirer's Multiple
1,NOW,9744a1d6,ServiceNow (NOW) Valuation Check After New Public Sector AI Solutions And Rising Investor Interest,2026-03-09 19:23:45,Simply Wall St
2,NOW,f84d1669,APP Looks Smarter Buy Than Synopsys Stock,2026-03-09 18:51:02,Trefis
3,NOW,6609a602,Armis Named a Leader in the 2026 Gartner® Magic Quadrant™ for CPS Protection Platforms for the 2nd Consecutive Year,2026-03-09 15:07:30,"Armis, The Cyber Exposure Management & Security Company"
4,NOW,ce46e652,SailPoint unveils AI-powered identity security platform updates,2026-03-09 13:51:30,Investing.com
5,NOW,e71f5ad1,Prismforce Announces Agent-Based Talent Supply Chain Solution Built on the ServiceNow AI Platform,2026-03-09 12:59:50,Newswire Canada
6,NOW,2450ac2f,"Schroder Investment Management Group Buys 34,237 Shares of ServiceNow, Inc. $NOW",2026-03-09 12:17:47,MarketBeat
7,NOW,448e1253,"Swiss National Bank Sells 29,500 Shares of ServiceNow, Inc. $NOW",2026-03-09 12:14:47,MarketBeat
8,NOW,0896636c,ServiceNow Architect,2026-03-09 12:07:47,eFinancialCareers
9,NOW,9e871860,Adobe Inc. $ADBE Shares Sold by Natixis Advisors LLC,2026-03-09 10:10:36,MarketBeat
10,NOW,871919cb,"Zacks Investment Ideas feature highlights IGF, Salesforce, ServiceNow, AppLovin, The Trade Desk and HubSpot",2026-03-09 10:05:59,The Globe and Mail
11,NOW,99f04528,"New SailPoint AI guards human, machine and chatbot identities in real time",2026-03-09 09:51:30,Stock Titan
12,NOW,44fd7532,SailPoint redefines identity security with new adaptive identity innovations,2026-03-09 09:00:00,GlobeNewswire
13,NOW,c7660b6c,"First Trust Advisors LP Boosts Stock Position in ServiceNow, Inc. $NOW",2026-03-09 08:12:10,MarketBeat
14,NOW,fe6734b8,The Marketing Week Podcast: ServiceNow CMO on challenging the status quo in B2B marketing,2026-03-09 07:52:10,Marketing Week
15,NOW,bf0c31b2,"Dimensional Fund Advisors LP Sells 61,703 Shares of BILL Holdings, Inc. $BILL",2026-03-09 07:51:47,MarketBeat
0,NVDA,de53ca3e,Cirrus Logic (CRUS) Valuation Check As Q3 Beat And AI PC And Auto Push Lift Optimism,2026-03-09 23:52:11,Simply Wall Street
1,NVDA,a271aaa0,2 Reasons to Watch TTMI and 1 to Stay Cautious,2026-03-09 21:52:43,Finviz - Stock Screener
2,NVDA,0022d815,PlusAI launches its upgraded autonomous driver for freight operations,2026-03-09 21:52:00,The Robot Report
3,NVDA,290305c1,3 Reasons Why We Appreciate SEI Investments (SEIC),2026-03-09 21:51:27,Bitget
4,NVDA,da9b8d23,Hewlett Packard Enterprise forecasts revenue above estimates on AI boom,2026-03-09 21:50:19,Reuters
5,NVDA,39a2738c,Phillips Edison (PECO) Price Outlook Raised to $44 by Ladenburg on Sector Re-Rating,2026-03-09 21:35:00,Insider Monkey
6,NVDA,ef3f719b,3 Reasons Investors Love Synchrony Financial (SYF),2026-03-09 20:51:54,Finviz
7,NVDA,ddfe9592,"Inspire Medical Systems (INSP): Buy, Sell, or Hold Post Q4 Earnings?",2026-03-09 20:51:42,Finviz
8,NVDA,3182407f,3 Reasons to Avoid GBCI and 1 Stock to Buy Instead,2026-03-09 20:51:36,Finviz
9,NVDA,b93310a5,Lumentum Stocks Surge as Nvidia Partnership Fuels Market Anticipation,2026-03-09 20:51:14,Timothy Sykes
10,NVDA,6d03b59a,Hewlett Packard Enterprise (NYSE:HPE) Misses Q4 CY2025 Sales Expectations,2026-03-09 20:50:19,Finviz
11,NVDA,e7fa786b,"Burford Capital (BUR) FQ4 2025 Earnings, Here’s What You Should Know",2026-03-09 20:31:00,Insider Monkey
12,NVDA,0373c6ba,Lam Research Corp Stock (LRCX) Closed Up by 5.74% on Mar 9: Drivers Behind the Movement,2026-03-09 20:14:37,TradingKey
13,NVDA,d5e0c085,"Monolithic Power Systems (MPWR): Buy, Sell, or Hold Post Q4 Earnings?",2026-03-09 20:04:43,Finviz
14,NVDA,72e04183,"Vertiv, Lumentum, Coherent Stocks Rally on S&P 500 Addition",2026-03-09 19:52:23,The Wall Street Journal
15,NVDA,ae55b012,Nvidia’s AI Supply Chain Has A Strait Of Hormuz Risk - NVIDIA (NASDAQ:NVDA),2026-03-09 17:50:54,Benzinga
16,NVDA,bc7190a5,Saxonburg tech manufacturer Coherent joins S&P 500 after Nvidia investment,2026-03-09 17:20:39,The Business Journals
17,NVDA,d934af6e,Coherent Corp. to Join S&P 500 Index,2026-03-09 16:52:15,Intellectia AI
18,NVDA,c027cec1,"Schwab Trading Activity Index™: STAX Score Soared in February, Defying AI Panic",2026-03-09 16:29:57,Business Wire
19,NVDA,54d82619,"BofA Maintains Buy on Amazon.com, Inc. (AMZN) Stock",2026-03-09 15:55:00,Finviz
20,NVDA,fe446058,Should Range Resources’ Strong 2025 Results and Higher Dividend Require Action From RRC Investors?,2026-03-09 15:52:38,Simply Wall St
21,NVDA,705c7cd9,Comcast Corp Stock (CMCSA) Moved Down by 3.53% on Mar 9: What Signal Does It Send?,2026-03-09 15:52:14,TradingKey
22,NVDA,7bd80154,Marvell Technology Q4 FY 2026 Earnings Raise Data Center Growth Outlook,2026-03-09 15:51:45,The Futurum Group
23,NVDA,09a2d433,Expanding Into Value,2026-03-09 15:49:51,BNY
24,NVDA,78406bc0,Cisco Systems Inc Stock (CSCO) Moved Down by 3.56% on Mar 9: Drivers Behind the Movement,2026-03-09 15:15:00,TradingKey
0,AAPL,edf313d3,"Liberty Formula One Series A (FWONA) May Find a Bottom Soon, Here's Why You Should Buy the Stock Now",2026-03-09 22:51:53,Finviz - Stock Screener
1,AAPL,101789a9,Should you consider adding Vanguard Mega Cap Growth Index Fund ETF Shares (MGK) to your investment portfolio?,2026-03-09 22:51:24,Bitget
2,AAPL,5d5e8b38,Dow Jones Industrial Average Monitor update: A look at 30 US large-caps,2026-03-09 22:50:52,S&P Global
3,AAPL,fab7d7d2,Rumble (Nasdaq: RUM) tops $100M revenue but stays unprofitable,2026-03-09 21:09:43,Stock Titan
4,AAPL,7c58d983,"Skyworks Solutions, Inc. Trade Ideas — LSX:857760",2026-03-09 20:51:20,TradingView
5,AAPL,6bcaa08b,Apple Postpones Smart Home Display Launch as It Waits for New AI and Siri,2026-03-09 18:42:40,Bloomberg.com
6,AAPL,e3194610,Dell Technologies Climbs 16% YTD: Should You Buy the Stock?,2026-03-09 17:51:09,The Globe and Mail
7,AAPL,c0728d40,Corning Stock Rises 173.9% in a Year: Should You Invest Now?,2026-03-09 16:54:16,Finviz
8,AAPL,e06b64a3,QQQ ETF Results: The Importance of Technology-Driven Growth Today,2026-03-09 16:51:23,Bitget
9,AAPL,ebaac43a,Is the MacBook Neo a 'Recession Indicator'? Tech CEOs Are Divided Over Apple’s $599 Laptop,2026-03-09 16:30:37,Inc.com
10,AAPL,c26632c7,"Here’s How YCG’s Strategy of Buying Cyclically Unprofitable Stock, Apple (AAPL), Has Paid Off",2026-03-09 15:53:00,Yahoo Finance Singapore
11,AAPL,223b9758,"Tarsus Reports Soaring Xdemvy Sales in Q4, Full Year",2026-03-09 14:51:21,Orange County Business Journal
12,AAPL,f3a18643,Should You Consider Adding Vanguard Mega Cap Growth Index Fund ETF Shares (MGK) to Your Investment Portfolio?,2026-03-09 13:51:24,Bitget
13,AAPL,c48d601e,AAPL - Apple will shine with a 6% revenue growth in the next 5 years,2026-03-09 12:49:38,Simply Wall St
14,AAPL,9b8ec8fa,"Vestcor Inc Has $23.90 Million Position in VeriSign, Inc. $VRSN",2026-03-09 12:31:18,MarketBeat
15,AAPL,3303dbc9,"Swiss National Bank Sells 153,200 Shares of Salesforce Inc. $CRM",2026-03-09 12:15:00,MarketBeat
16,AAPL,9b274373,Quiet Outperformance From an Overlooked Dividend ETF,2026-03-09 11:52:29,MarketBeat
17,AAPL,d4f4a5b1,"Stevens Capital Management LP Purchases 21,906 Shares of Microsoft Corporation $MSFT",2026-03-09 11:50:44,MarketBeat
18,AAPL,c7b4029f,Tim Cook Says Apple Meetings Are Full of Arguments. That’s the Point,2026-03-09 10:49:36,Inc.com
19,AAPL,e1d6fd1c,"PagSeguro Digital Ltd Stock Live Price, Chart, Analysis, News & Forecast – Buy, Sell & Trade US Equities Today",2026-03-09 07:39:58,Mint
20,AAPL,056cbd60,"Skyworks Solutions, Inc. $SWKS Shares Sold by Barclays PLC",2026-03-09 07:33:08,MarketBeat
21,AAPL,2db940ea,"American Century Companies Inc. Grows Position in Skyworks Solutions, Inc. $SWKS",2026-03-09 07:15:08,MarketBeat
22,AAPL,12c486b1,American Century Companies Inc. Boosts Position in Masimo Corporation $MASI,2026-03-09 06:52:03,MarketBeat
23,AAPL,cffdb2ce,PICTET ASSET MANAGEMENT SA Increases Stake in Elastic NV,2026-03-09 01:51:27,GuruFocus
24,AAPL,c2f20980,MacBook Neo,2026-03-09 00:40:36,Apple
0,AMZN,a8de2e12,Oracle under pressure from more than $100 billion in debt and massive layoffs,2026-03-09 23:53:43,Fortune
1,AMZN,de5ab82d,Dow Jones Industrial Average Monitor update: A look at 30 US large-caps,2026-03-09 22:50:52,S&P Global
2,AMZN,d1e8a361,Western Digital Corporation (WDC) Sets Sights on 50%+ Gross Margin and EPS $20+,2026-03-09 21:51:13,Insider Monkey
3,AMZN,b2daa8be,Scotiabank Trims SL Green Realty (SLG) Price Target to $51 Following Q4 REIT Updates,2026-03-09 21:36:00,Insider Monkey
4,AMZN,04b4369c,Phillips Edison (PECO) Price Outlook Raised to $44 by Ladenburg on Sector Re-Rating,2026-03-09 21:35:00,Insider Monkey
5,AMZN,528f2f2d,3 Reasons Investors Love Synchrony Financial (SYF),2026-03-09 20:51:54,Finviz
6,AMZN,ad7f98f0,Sandisk Stock Skyrockets Amid Market Optimism,2026-03-09 19:52:41,StocksToTrade
7,AMZN,50c419a2,Lucid (LCID) and Rivian (RIVN) Stocks Jump as Oil Rises but Tesla (TSLA) Stock Lags,2026-03-09 18:02:20,24/7 Wall St.
8,AMZN,33aff1d0,e.l.f. Beauty (NYSE:ELF) Shares Down 10.2% - Here's What Happened,2026-03-09 17:52:14,MarketBeat
9,AMZN,6ca15c11,Calisa Acquisition Corp Announces $180M Merger with GoodVision AI to Scale Multi-Cloud GPU Infrastructure,2026-03-09 14:22:00,FinancialContent
10,AMZN,9911ce05,The Membership Moat: A Deep Dive into Costco Wholesale Corp. (NASDAQ: COST) in 2026,2026-03-09 14:11:58,FinancialContent
11,AMZN,139e251f,"FRIDAY DEADLINE: CoreWeave, Inc. (CRWV) Investors with Substantial Losses Have Opportunity to Lead Class Action - RGRD Law",2026-03-09 13:52:40,GlobeNewswire
12,AMZN,8db6a7ae,ASGN completes acquisition of IT services firm Quinnox,2026-03-09 13:52:09,Investing.com
13,AMZN,a44a11ab,SailPoint unveils AI-powered identity security platform updates,2026-03-09 13:51:30,Investing.com
14,AMZN,3f3d98db,Jim Cramer on Brand Engagement Network: “It Would Not Be My Cup of Tea”,2026-03-09 13:28:00,Insider Monkey
15,AMZN,efbdb501,"Tredje AP fonden Cuts Position in Amazon.com, Inc. $AMZN",2026-03-09 11:49:42,MarketBeat
16,AMZN,80e1d2fc,"Stevens Capital Management LP Purchases 7,074 Shares of Amazon.com, Inc. $AMZN",2026-03-09 11:49:42,MarketBeat
17,AMZN,5f72d792,Architecting the AI Interconnect: A Comprehensive Research Feature on Marvell Technology (MRVL),2026-03-09 10:10:00,FinancialContent
18,AMZN,fc7a4e76,"Amazon.com, Inc. $AMZN Shares Bought by Mitsubishi UFJ Asset Management UK Ltd.",2026-03-09 09:11:43,MarketBeat
19,AMZN,e6ef272f,"Heartland Bank & Trust Co Has $9.03 Million Position in Amazon.com, Inc. $AMZN",2026-03-09 09:09:43,MarketBeat
20,AMZN,f83819ec,Flowers Foods installs new leader at Simple Mills,2026-03-09 08:51:38,Food & Drink International
21,AMZN,ad42cdea,"QUALCOMM, Inc. (QCOM) and T-Mobile Expand Strategic Collaboration to Expedite the Industry’s Evolution from 5G Advanced to 6G",2026-03-09 08:51:11,Insider Monkey
22,AMZN,f2241c65,"Quanex Building Products (NX) Reports $409.1M FQ1 2026 Sales, $27.4M Adjusted EBITDA",2026-03-09 07:47:00,Insider Monkey
23,AMZN,44979de5,"Amazon.com, Inc. (AMZN) Among Bill Ackman's Top Picks Amid Strong Secular Growth Trends",2026-03-09 06:57:41,Finviz - Stock Screener
24,AMZN,f17a9b77,"Gap Inc. CTO Sven Gerjets: ""AI isn’t changing who we are. It’s extending what’s possible""",2026-03-09 06:52:25,Retail Technology Innovation Hub
0,MSFT,37f9e6e5,Oracle under pressure from more than $100 billion in debt and massive layoffs,2026-03-09 23:53:43,Fortune
1,MSFT,b661c775,Can Cognex (CGNX) Align AI Vision Ambitions With Its New Margin and Cost Targets?,2026-03-09 23:52:13,Simply Wall Street
2,MSFT,8d16f9b4,Should you consider adding Vanguard Mega Cap Growth Index Fund ETF Shares (MGK) to your investment portfolio?,2026-03-09 22:51:24,Bitget
3,MSFT,34f4d7cf,Phillips Edison (PECO) Price Outlook Raised to $44 by Ladenburg on Sector Re-Rating,2026-03-09 21:35:00,Insider Monkey
4,MSFT,ced73630,Dragos Named a Leader in Gartner® Magic Quadrant™ for CPS Protection Platforms for Second Year,2026-03-09 19:50:27,Business Wire
5,MSFT,489a20cb,Gartner Identifies 3 Pillars for Deriving Value from AI,2026-03-09 19:29:27,HPCwire
6,MSFT,16c6737a,Spotify Technology SA Stock (SPOT) Moved Down by 3.23% on Mar 9: What Signal Does It Send?,2026-03-09 18:51:32,TradingKey
7,MSFT,690a3389,"Jim Cramer on Take-Two Interactive: ""I Think You've Gotta Get In Before GTA""",2026-03-09 18:08:09,Finviz
8,MSFT,2042ba38,Salesforce and HubSpot reshape partner programs for the AI era,2026-03-09 17:51:23,MarTech
9,MSFT,4efac70b,10 Information Technology Stocks With Whale Alerts In Today's Session,2026-03-09 17:49:49,Benzinga
10,MSFT,234dc80b,Accenture PLC Stock (ACN) Moved Down by 3.06% on Mar 9: Drivers Behind the Movement,2026-03-09 17:15:00,TradingKey
11,MSFT,ac80f8d1,"BofA Maintains Buy on Amazon.com, Inc. (AMZN) Stock",2026-03-09 15:55:00,Finviz
12,MSFT,da5fb834,Should Range Resources’ Strong 2025 Results and Higher Dividend Require Action From RRC Investors?,2026-03-09 15:52:38,Simply Wall St
13,MSFT,b9df3b3d,Expanding Into Value,2026-03-09 15:49:51,BNY
14,MSFT,2cab8531,The Dividend ETF That Survived The 2008 and 2020 Panics Is Still Paying Monthly Income in 2026,2026-03-09 14:52:36,24/7 Wall St.
15,MSFT,c33a6c52,VivoPower leverages sovereign partnerships to secure AI infrastructure advantage,2026-03-09 13:52:11,Proactive financial news
16,MSFT,e2a1b095,Should You Consider Adding Vanguard Mega Cap Growth Index Fund ETF Shares (MGK) to Your Investment Portfolio?,2026-03-09 13:51:24,Bitget
17,MSFT,428193da,"Microsoft Unveils E7 Suite, Copilot Cowork In Enterprise AI Push",2026-03-09 13:50:40,CRN
18,MSFT,a022f9d2,"IREN Limited Rises 22% in 6 Months: Buy, Sell or Hold the Stock?",2026-03-09 13:48:30,Finviz - Stock Screener
19,MSFT,34df8c81,Microsoft debuts Copilot Cowork built on Anthropic's tech and E7 product suite,2026-03-09 13:30:52,Fortune
20,MSFT,f9b714f7,Jim Cramer on Brand Engagement Network: “It Would Not Be My Cup of Tea”,2026-03-09 13:28:00,Insider Monkey
21,MSFT,8f848e91,Secure agentic AI for your Frontier Transformation,2026-03-09 12:50:39,Microsoft
22,MSFT,5347d80c,Assessing Celcuity (CELC) Valuation After Strong Recent Returns And Optimistic Growth Forecasts,2026-03-09 11:51:37,Simply Wall St
23,MSFT,81b0e90b,"Stevens Capital Management LP Purchases 21,906 Shares of Microsoft Corporation $MSFT",2026-03-09 11:50:44,MarketBeat
24,MSFT,9ab0f582,"Tredje AP fonden Cuts Position in Amazon.com, Inc. $AMZN",2026-03-09 11:49:42,MarketBeat
0,GOOGL,4476b794,How Investors May Respond To IAC (IAC) Meta Deal And People Inc. Digital Sales Growth,2026-03-09 23:51:49,Simply Wall Street
1,GOOGL,45b00690,"David Taylor makes significant trades in Alphabet, Amazon and Microsoft stocks",2026-03-09 23:50:19,Investing.com India
2,GOOGL,c67a14d1,Gartner Identifies 3 Pillars for Deriving Value from AI,2026-03-09 19:29:27,HPCwire
3,GOOGL,7fd9eddb,Spotify Technology SA Stock (SPOT) Moved Down by 3.23% on Mar 9: What Signal Does It Send?,2026-03-09 18:51:32,TradingKey
4,GOOGL,0885d40a,Adobe Q1 Earnings Loom: Hold or Fold the Stock Ahead of Results?,2026-03-09 18:49:37,The Globe and Mail
5,GOOGL,67a69512,"Tesla's FSD Safety Metrics 'Sharply Deteriorating,' Says Analyst",2026-03-09 17:51:14,Benzinga
6,GOOGL,9eb0dcd1,QQQ ETF Results: The Importance of Technology-Driven Growth Today,2026-03-09 16:51:23,Bitget
7,GOOGL,6d49335e,Kalshi Enters Brazil in First International Move With XP Inc,2026-03-09 14:52:21,MEXC
8,GOOGL,a90774e4,"Broadcom’s ""AI Factory"" Surge: Q1 Earnings Restore Confidence in the Semiconductor Supercycle",2026-03-09 14:37:43,FinancialContent
9,GOOGL,b3a3892c,Calisa Acquisition Corp Announces $180M Merger with GoodVision AI to Scale Multi-Cloud GPU Infrastructure,2026-03-09 14:22:00,FinancialContent
10,GOOGL,76ce44a9,"FRIDAY DEADLINE: CoreWeave, Inc. (CRWV) Investors with Substantial Losses Have Opportunity to Lead Class Action - RGRD Law",2026-03-09 13:52:40,GlobeNewswire
11,GOOGL,f9f677aa,VivoPower leverages sovereign partnerships to secure AI infrastructure advantage,2026-03-09 13:52:11,Proactive financial news
12,GOOGL,412e398e,Form 424B2 CITIGROUP INC,2026-03-09 13:24:49,StreetInsider
13,GOOGL,589a69cd,Is UBER's Cheap Valuation Reason Enough to Invest in the Stock?,2026-03-09 12:51:05,TradingView
14,GOOGL,524bd085,"If You'd Invested $1,000 In Newmont Stock 1 Year Ago, Here's How Much You'd Have Today",2026-03-09 12:50:50,The Globe and Mail
15,GOOGL,9afef01f,"Palo Alto Networks, Inc. $PANW Shares Sold by Swiss National Bank",2026-03-09 12:30:53,MarketBeat
16,GOOGL,4841c7c3,"Swiss National Bank Sells 153,200 Shares of Salesforce Inc. $CRM",2026-03-09 12:15:00,MarketBeat
17,GOOGL,b9392aba,"New Teradata AI agents tackle text, images and audio for big enterprises",2026-03-09 10:53:14,Stock Titan
18,GOOGL,74a46b2a,Alphabet Inc. $GOOG Shares Sold by Russell Investments Group Ltd.,2026-03-09 10:50:23,MarketBeat
19,GOOGL,d20e8bdd,Alphabet Inc. $GOOG is ProVise Management Group LLC's 3rd Largest Position,2026-03-09 10:38:21,MarketBeat
20,GOOGL,8f565ef0,"Mcdonald Capital Investors Inc. CA Sells 6,776 Shares of Alphabet Inc. $GOOGL",2026-03-09 09:10:09,MarketBeat
21,GOOGL,4bf6fcf4,"Hillsdale Investment Management Inc. Increases Stock Position in Amazon.com, Inc. $AMZN",2026-03-09 09:09:43,MarketBeat
22,GOOGL,1a227eb3,"Personal CFO Solutions LLC Buys 1,674 Shares of Microsoft Corporation $MSFT",2026-03-09 09:03:37,MarketBeat
23,GOOGL,91578b6a,SailPoint redefines identity security with new adaptive identity innovations,2026-03-09 09:00:00,GlobeNewswire
24,GOOGL,33057fdf,Constant Guidance Financial LLC Has $2.31 Million Stock Holdings in Alphabet Inc. $GOOGL,2026-03-09 07:41:21,MarketBeat
0,META,b73455a9,How Investors May Respond To IAC (IAC) Meta Deal And People Inc. Digital Sales Growth,2026-03-09 23:51:49,Simply Wall Street
1,META,56a6ba19,AI Investing Insights - Official Homepage - Intellectia AI™,2026-03-09 23:38:35,Intellectia AI
2,META,3ab578d4,3 Reasons Why We Appreciate SEI Investments (SEIC),2026-03-09 21:51:27,Bitget
3,META,366259be,"Inspire Medical Systems (INSP): Buy, Sell, or Hold Post Q4 Earnings?",2026-03-09 20:51:42,Finviz
4,META,68323a66,"AMD (AMD) Stock Is Up, What You Need To Know",2026-03-09 20:41:40,Finviz
5,META,5114ef23,"Burford Capital (BUR) FQ4 2025 Earnings, Here’s What You Should Know",2026-03-09 20:31:00,Insider Monkey
6,META,d35955ac,3 Stocks Under $50 We Approach with Caution,2026-03-09 15:52:58,Finviz
7,META,7d913dba,Expanding Into Value,2026-03-09 15:49:51,BNY
8,META,a9362abb,"Broadcom’s ""AI Factory"" Surge: Q1 Earnings Restore Confidence in the Semiconductor Supercycle",2026-03-09 14:37:43,FinancialContent
9,META,fcb50889,"Schroder Investment Management Group Has $377.62 Million Stock Position in Advanced Micro Devices, Inc. $AMD",2026-03-09 12:17:41,MarketBeat
10,META,13b76dc9,"Tredje AP fonden Cuts Position in Amazon.com, Inc. $AMZN",2026-03-09 11:49:42,MarketBeat
11,META,f455ee95,"LGT Group Foundation Has $8.98 Million Holdings in Advanced Micro Devices, Inc. $AMD",2026-03-09 11:38:49,MarketBeat
12,META,b4363e33,NerdWallet Wealth Partners LLC Makes New Investment in Alphabet Inc. $GOOG,2026-03-09 10:50:23,MarketBeat
13,META,5b8c7148,Alphabet Inc. $GOOG Shares Sold by Russell Investments Group Ltd.,2026-03-09 10:50:23,MarketBeat
14,META,2285d484,"Diversify Advisory Services LLC Sells 69,424 Shares of Advanced Micro Devices, Inc. $AMD",2026-03-09 08:23:42,MarketBeat
15,META,e5b654e0,UBS upgrades H World stock rating on RevPAR growth outlook,2026-03-09 06:09:00,Investing.com
16,META,d8c9b700,"Howard Hughes Holdings Inc. (HHH), An Undervalued Stock, According to Bill Ackman",2026-03-09 02:41:00,Finviz - Stock Screener
0,NFLX,6b87bca8,How Investors May Respond To IAC (IAC) Meta Deal And People Inc. Digital Sales Growth,2026-03-09 23:51:49,Simply Wall Street
1,NFLX,3b2397f8,A Look At Cincinnati Financial (CINF) Valuation After Recent Share Price Pullback,2026-03-09 23:27:51,Simply Wall Street
2,NFLX,facf17bc,"Q4 and annual financial update released, Corbus Pharmaceuticals Holdings, Inc. outlines",2026-03-09 15:52:34,Traders Union
3,NFLX,83f500ef,Paramount Skydance (NASDAQ:PSKY) Now Covered by Wells Fargo & Company,2026-03-09 14:30:13,MarketBeat
4,NFLX,93f8c6bc,Wells Fargo resumes coverage on Netflix and Paramount following WBD bidding war (NFLX:NASDAQ),2026-03-09 12:50:49,Seeking Alpha
5,NFLX,c99663b1,"If You'd Invested $1,000 In Newmont Stock 1 Year Ago, Here's How Much You'd Have Today",2026-03-09 12:25:46,The Globe and Mail
6,NFLX,90cd6237,Assessing Tencent Music Entertainment Group (TME) Valuation After Macquarie Downgrade To Neutral,2026-03-09 08:53:26,Simply Wall Street
7,NFLX,ffe8a479,"Netflix Drops Warner Pursuit, Returns To 'Business As Usual'",2026-03-09 08:38:48,Sahm
8,NFLX,70de5986,Netflix Acquires Ben Affleck’s InterPositive AI Filmmaking Company,2026-03-09 04:50:44,CineD
9,NFLX,cc7ae671,"Bank Of Princeton Stock Live Price, Chart, Analysis, News & Forecast – Buy, Sell & Trade US Equities Today",2026-03-09 04:08:59,Mint
10,NFLX,dab11a93,Paramount Skydance (WBD) agrees to buy Warner Bros. Discovery; $31.00 cash per share deal,2026-03-09 03:08:48,Stock Titan
11,NFLX,70a1b643,Netflix and Meghan Markle: Company makes major announcement about As Ever brand,2026-03-09 02:51:39,7NEWS
12,NFLX,cd4753a0,Will Record Contract Services Margins and 97.7% Utilization Change Kodiak Gas Services' (KGS) Narrative,2026-03-09 00:52:15,Simply Wall St
0,AMD,fd084822,"AMD Stock Jumps 5.33% with $7.63B in Trading Volume, Ranking 11th in Market Activity Following Settlement of Adeia Patent Conflict",2026-03-09 22:52:55,Bitget
1,AMD,4ab7b163,AMD Extends Ryzen AI Embedded P100 Series for Edge AI Applications,2026-03-09 22:27:54,MLQ.ai
2,AMD,35ef20b3,PlusAI launches its upgraded autonomous driver for freight operations,2026-03-09 21:52:00,The Robot Report
3,AMD,183ccaa2,"AMD (AMD) Stock Is Up, What You Need To Know",2026-03-09 20:41:40,Finviz
4,AMD,9eac4e24,Adeia settles semiconductor patent lawsuits against AMD,2026-03-09 18:56:00,Reuters
5,AMD,01466370,"ONEOK, Inc. (OKE) Price Target Raised by $5 Following Q4 Report",2026-03-09 18:24:46,Finviz
6,AMD,576fe545,"Jim Cramer on Take-Two Interactive: ""I Think You've Gotta Get In Before GTA""",2026-03-09 18:08:09,Finviz
7,AMD,62a9a61c,Archer accuses Joby of hiding China supply chain in explosive eVTOL counterclaim,2026-03-09 17:52:25,Aerospace Global News
8,AMD,630dfcc8,Dell Technologies Climbs 16% YTD: Should You Buy the Stock?,2026-03-09 17:50:58,The Globe and Mail
9,AMD,4b61e172,Adeia Enters into Multi-Year IP License Agreement with AMD,2026-03-09 15:51:49,Sahm
10,AMD,fbe2422e,"Adeia reaches licensing deal with AMD, settles litigation",2026-03-09 15:51:49,Investing.com
11,AMD,126f89ac,"Adeia (NASDAQ: ADEA) inks multi-year AMD IP license, ends litigation",2026-03-09 14:52:55,Stock Titan
12,AMD,1919ccdf,Intel Corp Stock (INTC) Opened Down by 3.27% on Mar 9: What Signal Does It Send?,2026-03-09 13:50:24,TradingKey
13,AMD,a1094195,RB Global authorizes $500 million share buyback program,2026-03-09 12:51:33,Investing.com Nigeria
14,AMD,7423967f,"Sienna Gestion Acquires Shares of 34,705 Analog Devices, Inc. $ADI",2026-03-09 12:41:38,MarketBeat
15,AMD,77527ff6,"Schroder Investment Management Group Has $377.62 Million Stock Position in Advanced Micro Devices, Inc. $AMD",2026-03-09 12:17:41,MarketBeat
16,AMD,2619192a,"Swiss National Bank Has $756.19 Million Stake in Advanced Micro Devices, Inc. $AMD",2026-03-09 12:15:41,MarketBeat
17,AMD,030f085f,"Adeia signs multi-year IP license with AMD, ending outstanding litigation",2026-03-09 11:52:15,TradingView
18,AMD,fda7b2aa,"LGT Group Foundation Has $8.98 Million Holdings in Advanced Micro Devices, Inc. $AMD",2026-03-09 11:38:49,MarketBeat
19,AMD,715487e8,Can Intel's AI Push With Infosys Deal Drive Long-Term Growth?,2026-03-09 10:16:00,Yahoo Finance Singapore
20,AMD,7ca911f2,"TELO Stock News Today | Earnings, Events & Price Alerts",2026-03-09 10:09:53,Intellectia AI
21,AMD,161d9790,JPMorgan Chase & Co.,2026-03-09 09:50:27,StreetInsider
22,AMD,52f34252,"Diversify Advisory Services LLC Sells 69,424 Shares of Advanced Micro Devices, Inc. $AMD",2026-03-09 08:23:42,MarketBeat
23,AMD,1b5044c7,EDENTREE ASSET MANAGEMENT Ltd Increases Position in NVIDIA Corporation $NVDA,2026-03-09 07:41:47,MarketBeat
24,AMD,e13224cb,STMicroelectronics enters high-volume production of its industry-leading silicon photonics platform to support AI infrastructure demand,2026-03-09 06:53:54,GlobeNewswire
0,INTC,e52c01aa,AMD Extends Ryzen AI Embedded P100 Series for Edge AI Applications,2026-03-09 22:27:54,MLQ.ai
1,INTC,716f06f3,Has Intel's Stock Peaked?,2026-03-09 21:20:21,The Globe and Mail
2,INTC,5b02e933,"AMD (AMD) Stock Is Up, What You Need To Know",2026-03-09 20:41:40,Finviz
3,INTC,7bffb45a,"MDC and Intel Mark Five Years of AI Leadership, Announce Expansion Through the National Applied AI Consortium",2026-03-09 16:31:23,MDC News
4,INTC,354645cb,Intel Corp. stock outperforms competitors on strong trading day,2026-03-09 16:30:00,MarketWatch
5,INTC,1a212f2f,Intel Corp Stock (INTC) Opened Down by 3.27% on Mar 9: What Signal Does It Send?,2026-03-09 13:50:24,TradingKey
6,INTC,f91b9164,"Broadcom, Nvidia, TI and Monolithic emerge as 'top picks' among semis after earnings: Citi",2026-03-09 13:42:43,Seeking Alpha
7,INTC,851b21f5,"Sienna Gestion Acquires Shares of 34,705 Analog Devices, Inc. $ADI",2026-03-09 12:41:38,MarketBeat
8,INTC,62750f04,Inceptionr LLC Invests $1.20 Million in Intel Corporation $INTC,2026-03-09 11:50:24,National Today
9,INTC,68194313,Vinva Investment Management Ltd Reduces Holdings in Intel Corporation $INTC,2026-03-09 11:50:24,MarketBeat
10,INTC,168d96c2,Jacobs’ High-Stakes Pivot: How an Engineering Giant Remade Itself for the 2026 Industrial Renaissance,2026-03-09 10:36:00,FinancialContent
11,INTC,6229f9b7,Can Intel's AI Push With Infosys Deal Drive Long-Term Growth?,2026-03-09 10:16:00,Yahoo Finance Singapore
12,INTC,b539be28,"Korea Investment CORP Acquires 48,152 Shares of Intel Corporation $INTC",2026-03-09 10:00:31,MarketBeat
13,INTC,0cd706bf,"Dundas Partners LLP Acquires 165,912 Shares of Applied Materials, Inc.",2026-03-09 09:49:39,National Today
14,INTC,a60cfdeb,Qt Group joins forces with Qualcomm to speed up development of Industrial AI devices for future factories,2026-03-09 08:59:50,TradingView
15,INTC,3d520abd,"First Trust Advisors LP Sells 222,127 Shares of Intel Corporation $INTC",2026-03-09 07:51:17,MarketBeat
16,INTC,cf6050e3,"American Century Companies Inc. Acquires 17,406 Shares of Intel Corporation $INTC",2026-03-09 07:05:28,MarketBeat
17,INTC,b1ab6424,"SoFi CEO Anthony Noto Purchases 56,000 Shares Amid Market Volatility",2026-03-09 02:53:23,Intellectia AI
18,INTC,9514d980,12 Low Price High Volume Stocks to Buy Right Now,2026-03-09 02:50:36,Insider Monkey
19,INTC,1a4e5b4d,1 Top ETF to Load Up On in 2026,2026-03-09 02:09:47,The Globe and Mail
0,ORCL,f274d50e,Oracle under pressure from more than $100 billion in debt and massive layoffs,2026-03-09 23:53:43,Fortune
1,ORCL,2d45b7f6,Eve Holding Inc stock hits 52-week low at $2.82,2026-03-09 21:52:55,Investing.com
2,ORCL,78b0e60b,Phillips Edison (PECO) Price Outlook Raised to $44 by Ladenburg on Sector Re-Rating,2026-03-09 21:35:00,Insider Monkey
3,ORCL,af86596d,"Oracle, Ulta, Adobe, More Stocks With Earnings This Week",2026-03-09 19:50:59,Benzinga
4,ORCL,67855092,"Bragar Eagel & Squire, P.C. Reminds Investors That Class Action Lawsuits Have Been Filed Against Paysafe and Oracle and Encourages Investors to Contact the Firm",2026-03-09 17:56:00,GlobeNewswire
5,ORCL,f59fa1ab,Call Traders Target Struggling Sports Retailer Before Earnings,2026-03-09 15:14:00,Finviz
6,ORCL,9bc5e26d,"Microsoft Unveils E7 Suite, Copilot Cowork In Enterprise AI Push",2026-03-09 13:50:40,CRN
7,ORCL,531b3e84,"uniQure, Syndax and Erasca Are Drawing Analyst Interest Ahead of Key Drug Catalysts",2026-03-09 11:17:00,24/7 Wall St.
8,ORCL,691e9c34,"Promis Neurosciences (NASDAQ:PMN) Given Consensus Recommendation of ""Moderate Buy"" by Brokerages",2026-03-09 11:09:24,MarketBeat
9,ORCL,73180a57,Retirees Shouldn’t Overlook The Small Cap ETF That Has Paid 44 Consecutive Dividends,2026-03-09 10:36:00,24/7 Wall St.
10,ORCL,d60dfbf7,Oracle expected to slash thousands of jobs as massive AI spending creates financial cash crisis,2026-03-09 02:50:43,Fox Business
11,ORCL,13450cbe,Janus Henderson Forty Fund Q4 2025 Commentary (MUTF:JACCX),2026-03-09 01:52:28,Seeking Alpha
0,SAP,81c9f5b9,SAP SE $SAP Stock Position Raised by Natixis Advisors LLC,2026-03-09 09:53:10,MarketBeat
1,SAP,32b696d1,SAP.DE SAP SE XETRA €169.96 intraday 09 Mar 2026: AI focus could deliver 62.36% upside,2026-03-09 08:47:17,Meyka
0,ASML,ff895d28,"Should You Buy, Sell or Hold ASML Stock at a P/E of 36.67X?",2026-03-09 13:52:19,TradingView
1,ASML,a35387e9,ASML reports transactions under its current share buyback program,2026-03-09 12:52:19,The Manila Times
2,ASML,7ed628ea,ASML Holding N.V. $ASML Shares Purchased by Grantham Mayo Van Otterloo & Co. LLC,2026-03-09 09:52:19,MarketBeat
3,ASML,5c661814,First Trust Advisors LP Has $99.38 Million Stock Holdings in ASML Holding N.V. $ASML,2026-03-09 08:52:19,MarketBeat
0,TSM,50a20c03,Taiwan Semiconductor Manufacturing Company Ltd. $TSM Shares Sold by LGT Fund Management Co Ltd.,2026-03-09 11:25:02,MarketBeat
1,TSM,125ef5ab,Taiwan Semiconductor Manufacturing Company Ltd. $TSM Shares Purchased by Jefferies Financial Group Inc.,2026-03-09 11:01:02,MarketBeat
2,TSM,8d91288b,Taiwan Semiconductor Manufacturing Company Ltd. $TSM Shares Sold by Diversify Advisory Services LLC,2026-03-09 08:01:02,MarketBeat
0,BABA,0602ef95,A Look At Alibaba Group Holding’s Valuation As AI Push And Goldman Sachs Conviction Listing Draw Focus,2026-03-09 16:51:40,Simply Wall Street
1,BABA,9a6b9bfd,Pinpoint Asset Management Singapore Pte. Ltd. Decreases Stock Position in Alibaba Group Holding Limited $BABA,2026-03-09 11:52:51,MarketBeat
2,BABA,93a2dd2b,Alibaba Group Holding Limited $BABA is HCEP Management Ltd's Largest Position,2026-03-09 10:52:51,MarketBeat
0,PDD,77d47344,(PDD) Price Dynamics and Execution-Aware Positioning,2026-03-09 18:58:00,Stock Traders Daily
1,PDD,fa165bf7,PDD Holdings Inc. Sponsored ADR $PDD is Panview Capital Ltd's 5th Largest Position,2026-03-09 10:52:40,MarketBeat
2,PDD,2afb9a57,PDD Holdings Inc. Sponsored ADR $PDD Position Trimmed by First Trust Advisors LP,2026-03-09 08:52:40,MarketBeat
0,PYPL,a4903db7,"ROSEN, A RANKED AND LEADING LAW FIRM, Encourages PayPal",2026-03-09 21:50:52,GlobeNewswire
1,PYPL,d65ada28,PayPal (NASDAQ:PYPL) Trading Down 1.7% - What's Next?,2026-03-09 21:17:47,MarketBeat
2,PYPL,3819dae9,3 Reasons Investors Love Synchrony Financial (SYF),2026-03-09 20:51:54,Finviz
3,PYPL,d883599f,"Bronstein, Gewirtz & Grossman LLC Urges PayPal Holdings, Inc. Investors to Act: Class Action Filed Alleging Investor Harm",2026-03-09 16:50:59,GlobeNewswire
4,PYPL,6447606b,"Deadline Alert: PayPal Holdings, Inc. (PYPL) Shareholders",2026-03-09 15:59:54,GlobeNewswire
5,PYPL,d34ac93e,"PayPal Holdings, Inc. $PYPL Shares Sold by Sienna Gestion",2026-03-09 12:46:00,MarketBeat
6,PYPL,a4ec6070,"PayPal Holdings, Inc. $PYPL Shares Purchased by Vinva Investment Management Ltd",2026-03-09 12:07:00,MarketBeat
7,PYPL,90fcc244,"Parallel Advisors LLC Sells 24,577 Shares of PayPal Holdings, Inc. $PYPL",2026-03-09 10:08:10,MarketBeat
8,PYPL,f2564ab7,"INVESTOR NOTICE: PayPal Holdings, Inc. Investors with Substantial Losses Have Opportunity to Lead Class Action Lawsuit – RGRD Law",2026-03-09 02:51:03,GlobeNewswire
9,PYPL,9e6a7007,"PYPL Investors Have Opportunity to Lead PayPal Holdings, Inc. Securities Fraud Lawsuit with the Schall Law Firm",2026-03-09 02:47:00,PR Newswire
0,V,e96df7af,Novagold Resources (NYSEAMERICAN:NG) Shares Down 8.5% - Should You Sell?,2026-03-09 17:52:51,MarketBeat
1,V,113d4dd9,"Vestcor Inc Sells 1,212 Shares of Equinix, Inc. $EQIX",2026-03-09 12:37:10,MarketBeat
2,V,a476442e,"Sienna Gestion Sells 75,687 Shares of General Mills, Inc. $GIS",2026-03-09 12:29:20,MarketBeat
3,V,97f5be87,"133,300 Shares in Best Buy Co., Inc. $BBY Acquired by WINTON GROUP Ltd",2026-03-09 12:17:46,MarketBeat
4,V,53bb11ad,"MetLife, Inc. $MET Shares Purchased by Victory Capital Management Inc.",2026-03-09 11:50:40,MarketBeat
5,V,8d2e6cd9,MSCI Inc $MSCI Shares Sold by Rathbones Group PLC,2026-03-09 10:08:57,MarketBeat
6,V,ac637346,"Korea Investment CORP Trims Stake in Marsh & McLennan Companies, Inc. $MRSH",2026-03-09 09:51:43,MarketBeat
7,V,fbd5bb22,"Citigroup Inc. Sells 12,414 Shares of Insight Enterprises, Inc. $NSIT",2026-03-09 07:51:45,MarketBeat
8,V,a84349a6,Visa Inc. (NYSE: V) seeks Class B-to-B-3/Class C exchange with uncapped makewhole terms,2026-03-09 02:08:24,Stock Titan
0,MA,e5c67bcc,Essential Properties Realty Trust (NYSE:EPRT) Price Target Raised to $40.00,2026-03-09 20:45:58,MarketBeat
1,MA,5375c2c8,SoFi Technologies Stock Trades Near $18. Here’s What Could Drive the Next Move,2026-03-09 16:51:36,TIKR.com
2,MA,8b09f680,Form 424B2 BARCLAYS BANK PLC,2026-03-09 15:52:29,StreetInsider
3,MA,285b5e90,"Vinva Investment Management Ltd Sells 18,213 Shares of Caterpillar Inc. $CAT",2026-03-09 12:06:51,MarketBeat
4,MA,42932f4b,Victory Capital Management Inc. Cuts Holdings in Lincoln National Corporation $LNC,2026-03-09 11:51:23,MarketBeat
5,MA,840e4883,LGT Group Foundation Raises Stake in UBS Group AG $UBS,2026-03-09 11:25:52,MarketBeat
6,MA,e746a02b,"SoFi Technologies, Inc. $SOFI Shares Sold by B. Metzler seel. Sohn & Co. AG",2026-03-09 06:53:23,MarketBeat
7,MA,ac1da61c,"SoFi CEO Anthony Noto Purchases 56,000 Shares Amid Market Volatility",2026-03-09 02:53:23,Intellectia AI
0,JPM,47fc7715,SPX Gestao de Recursos Ltda Has $43.41 Million Stake in Vinci Compass Investments Ltd. $VINP,2026-03-09 23:09:58,MarketBeat
1,JPM,dccfc061,"Top Superinvestors Are Buying ServiceNow, Inc. (NOW)",2026-03-09 22:18:40,The Acquirer's Multiple
2,JPM,69b23ecb,"MGM Resorts to Present at Gaming, Lodging, Restaurant and Leisure Forum",2026-03-09 21:42:31,National Today
3,JPM,8b6c2ef6,Humana Issues $1 Billion Junior Subordinated Notes Offering,2026-03-09 20:57:19,TipRanks
4,JPM,3271573b,MGM Resorts International at J.P. Morgan Gaming Forum 2026: Shaping the Future of Luxury Travel,2026-03-09 20:56:31,Travel And Tour World
5,JPM,b026dd91,Visteon (VC) Maintained at Neutral by JP Morgan with Lowered Price Target,2026-03-09 20:52:21,GuruFocus
6,JPM,68d47cd5,UBS Group Issues Positive Forecast for Realty Income (NYSE:O) Stock Price,2026-03-09 20:45:51,MarketBeat
7,JPM,471d7fe0,JPMorgan Chase & Co. Has Lowered Expectations for Visteon (NASDAQ:VC) Stock Price,2026-03-09 20:45:31,MarketBeat
8,JPM,0f9a4e83,$500M stock sale: neuroscience drug maker Xenon tests market appetite,2026-03-09 19:52:33,Stock Titan
9,JPM,7edd0824,Form 424B2 JPMORGAN CHASE & CO,2026-03-09 19:10:27,StreetInsider
10,JPM,f4354213,JPMorgan Chase & Co. Increases Carlisle Companies (NYSE:CSL) Price Target to $420.00,2026-03-09 16:52:23,MarketBeat
11,JPM,590b5360,JPMorgan Chase & Co. Has Lowered Expectations for Mirion Technologies (NYSE:MIR) Stock Price,2026-03-09 16:52:23,MarketBeat
12,JPM,9310ff56,"JPMorgan Is Bullish on Blue-Chip Bonds, Says Spreads to Tighten",2026-03-09 15:50:27,Bloomberg.com
13,JPM,63df3b0f,"First Trust Advisors LP Raises Stock Position in CLEAR Secure, Inc. $YOU",2026-03-09 14:51:41,MarketBeat
14,JPM,f0ba2ff4,"Jefferies Financial Group Inc. Sells 10,155 Shares of Cencora, Inc. $COR",2026-03-09 14:49:56,MarketBeat
15,JPM,102e8ba6,Citigroup Inc Stock (C) Moved Down by 3.14% on Mar 9: What Investors Need To Know,2026-03-09 14:49:47,TradingKey
16,JPM,94f88b89,Dow Inc. Upgraded to 'Outperform' as RBC Capital Sees Margin Upside Amid Middle East Supply Crisis,2026-03-09 14:28:00,FinancialContent
17,JPM,67433e65,Bank of America Corp Stock (BAC) Moved Down by 3.27% on Mar 9: Key Drivers Unveiled,2026-03-09 14:15:45,TradingKey
18,JPM,dd758939,Wells Fargo & Co Stock (WFC) Moved Down by 3.61% on Mar 9: A Full Analysis,2026-03-09 14:15:00,TradingKey
19,JPM,bf09e64f,U.S. grabs 69% of global art auctions as sales jump 23% in 2025,2026-03-09 13:59:45,Stock Titan
20,JPM,91cc3d54,Citigroup Upgrades Werner Enterprises (WERN) Rating to Neutral,2026-03-09 13:51:51,GuruFocus
21,JPM,66f68df7,Capital One Financial Corp Stock (COF) Opened Down by 3.12% on Mar 9: What Signal Does It Send?,2026-03-09 13:49:53,TradingKey
22,JPM,4ca0ca09,Inceptionr LLC Acquires Shares of Pinnacle Financial Partners,2026-03-09 12:53:11,National Today
23,JPM,7d062a6b,"Swiss National Bank Sells 71,300 Shares of Marsh & McLennan Companies, Inc. $MRSH",2026-03-09 12:51:43,MarketBeat
24,JPM,ccc67bfe,"Dynamic Technology Lab Private Ltd Acquires Shares of 13,601 Otter Tail Corporation $OTTR",2026-03-09 12:51:42,MarketBeat
0,BAC,58d5cdc9,"Top Superinvestors Are Buying ServiceNow, Inc. (NOW)",2026-03-09 22:18:40,The Acquirer's Multiple
1,BAC,a4fd7370,"Cannae Holdings Terminates $50 Million Margin Loan With Bank of America; Pays $58,681 Fees",2026-03-09 20:52:44,TradingView
2,BAC,04407143,Why MACOM (MTSI) Stock Is Up Today,2026-03-09 20:52:07,Finviz
3,BAC,c5ea7912,Frontier Group Stock Price Drops 7.7%,2026-03-09 19:52:56,National Today
4,BAC,7713927c,"Digirolomo, Coherent corp director, sells $944k in shares",2026-03-09 18:52:50,Investing.com
5,BAC,5002fd37,Guggenheim Boosts Price Target for Dianthus as Sales Projections Soar,2026-03-09 18:52:38,StocksToTrade
6,BAC,d7efeacd,Falcon's Beyond Global (NASDAQ:FBYD) Shares Gap Down - Here's What Happened,2026-03-09 17:52:01,MarketBeat
7,BAC,f8364c2e,ITT Announces Participation at Bank of America Global Industrials Conference 2026 on March 17,2026-03-09 16:51:48,Business Wire
8,BAC,ad2e2c83,Bank of America Corp Stock (BAC) Moved Down by 3.27% on Mar 9: Key Drivers Unveiled,2026-03-09 14:15:45,TradingKey
9,BAC,79814e3d,Jefferies Financial Group Boosts Stake in Brighthouse Financial,2026-03-09 12:51:57,National Today
10,BAC,4c4a3f23,"Dynamic Technology Lab Private Ltd Acquires Shares of 13,601 Otter Tail Corporation $OTTR",2026-03-09 12:51:42,MarketBeat
11,BAC,b6d96d79,Sienna Gestion Makes New Investment in Howmet Aerospace Inc. $HWM,2026-03-09 12:35:45,MarketBeat
12,BAC,95f65543,Sienna Gestion Makes New $1.27 Million Investment in Bank of America Corporation $BAC,2026-03-09 12:30:50,MarketBeat
13,BAC,98b33ea6,Bank of America Corporation $BAC Shares Purchased by WINTON GROUP Ltd,2026-03-09 12:17:50,MarketBeat
14,BAC,7df28165,"133,300 Shares in Best Buy Co., Inc. $BBY Acquired by WINTON GROUP Ltd",2026-03-09 12:17:46,MarketBeat
15,BAC,a915e839,"Schroder Investment Management Group Increases Stake in The PNC Financial Services Group, Inc $PNC",2026-03-09 12:16:58,MarketBeat
16,BAC,2496a3be,Victory Capital Management Inc. Has $28.23 Million Stock Holdings in First Bancorp $FBNC,2026-03-09 11:51:57,MarketBeat
17,BAC,1edce094,LGT Group Foundation Raises Stake in UBS Group AG $UBS,2026-03-09 11:25:52,MarketBeat
18,BAC,70699f75,Bank of America Corporation $BAC Shares Sold by Inceptionr LLC,2026-03-09 11:16:47,MarketBeat
19,BAC,7bc65c10,"Inceptionr LLC Acquires Shares of 12,523 Pinnacle Financial Partners, Inc. $PNFP",2026-03-09 10:52:45,MarketBeat
20,BAC,15dfbc55,Citigroup Inc. $C Holdings Trimmed by ProVise Management Group LLC,2026-03-09 10:38:49,MarketBeat
21,BAC,a3079c69,Hartford Funds Management Co LLC Reduces Stake in Bank of America Corporation $BAC,2026-03-09 10:24:45,MarketBeat
22,BAC,56ad7053,"Grantham Mayo Van Otterloo & Co. LLC Sells 66,636 Shares of The Kroger Co. $KR",2026-03-09 10:02:38,MarketBeat
23,BAC,d016dc55,Gamco Investors INC. ET AL Has $6.43 Million Stock Holdings in Navigator Holdings Ltd. $NVGS,2026-03-09 09:52:11,MarketBeat
24,BAC,47391283,"Quantbot Technologies LP Sells 616,868 Shares of AGNC Investment Corp. $AGNC",2026-03-09 08:52:13,MarketBeat
0,GS,a88ff667,"Hamilton James, Arrowhead Pharmaceuticals CMO, sells $641,900 in stock",2026-03-09 23:52:32,Investing.com
1,GS,eb16e92d,Goldman Sees ConocoPhillips Free Cash Flow Shift As Key Test,2026-03-09 23:20:54,Simply Wall Street
2,GS,564daa27,SPX Gestao de Recursos Ltda Has $43.41 Million Stake in Vinci Compass Investments Ltd. $VINP,2026-03-09 23:09:58,MarketBeat
3,GS,3ec2674c,"Gaia (NASDAQ:GAIA) Director Purchases $31,500.00 in Stock",2026-03-09 22:40:11,MarketBeat
4,GS,cb0711d9,"Top Superinvestors Are Buying ServiceNow, Inc. (NOW)",2026-03-09 22:18:40,The Acquirer's Multiple
5,GS,26138506,Form 424B2 GOLDMAN SACHS GROUP INC,2026-03-09 21:14:16,StreetInsider
6,GS,e81d145d,Humana completes $1 billion junior subordinated notes offering,2026-03-09 21:06:19,StreetInsider
7,GS,08eaa3be,Humana Issues $1 Billion Junior Subordinated Notes Offering,2026-03-09 20:57:19,TipRanks
8,GS,286b1e75,"The Goldman Sachs Group, Inc.",2026-03-09 19:50:22,StreetInsider
9,GS,5b1b0a98,A Look At Alibaba Group Holding’s Valuation As AI Push And Goldman Sachs Conviction Listing Draw Focus,2026-03-09 16:51:40,Simply Wall Street
10,GS,79a71cf1,"19,290 Shares in Marriott Vacations Worldwide Corporation $VAC Bought by Dynamic Technology Lab Private Ltd",2026-03-09 14:52:10,MarketBeat
11,GS,cbd87f30,Flex LNG (NYSE:FLNG) Reaches New 1-Year High - Time to Buy?,2026-03-09 14:51:33,MarketBeat
12,GS,c60449dd,"Zacks.com highlights Intuit, Goldman Sachs, and Octave Specialty",2026-03-09 13:14:24,National Today
13,GS,9ccff25e,SLM Launches $200 Million Accelerated Share Repurchase With Goldman Sachs,2026-03-09 12:52:16,TradingView
14,GS,689798ac,Sallie Mae (NASDAQ: SLM) starts $200M accelerated share repurchase,2026-03-09 12:52:16,Stock Titan
15,GS,57a56f65,Sienna Gestion Invests $5.91 Million in Halliburton Company $HAL,2026-03-09 12:35:21,MarketBeat
16,GS,f20dfbd4,"133,300 Shares in Best Buy Co., Inc. $BBY Acquired by WINTON GROUP Ltd",2026-03-09 12:17:46,MarketBeat
17,GS,25485f2b,"Albertsons Companies, Inc. Class A Common Stock (NY: ACI)",2026-03-09 12:09:28,FinancialContent
18,GS,d2fde184,"Inceptionr LLC Purchases 16,632 Shares of Wyndham Hotels & Resorts $WH",2026-03-09 10:52:54,MarketBeat
19,GS,f1550237,"Neuberger Berman Group LLC Sells 26,369,587 Shares of Flex Ltd. $FLEX",2026-03-09 09:52:40,MarketBeat
20,GS,0c11dc65,"Grantham Mayo Van Otterloo & Co. LLC Sells 14,402 Shares of The Goldman Sachs Group, Inc. $GS",2026-03-09 09:50:37,MarketBeat
21,GS,df96846f,"Nayax Ltd. (NASDAQ:NYAX) Receives Average Recommendation of ""Hold"" from Brokerages",2026-03-09 08:52:23,MarketBeat
22,GS,17082ae1,Dalal Street LLC Takes Position in Transocean Ltd. $RIG,2026-03-09 08:52:01,MarketBeat
23,GS,07adaa90,"Camden Asset Management L P CA Makes New Investment in Wolfspeed, Inc. $WOLF",2026-03-09 08:51:49,MarketBeat
24,GS,67922b1c,Goldman Sachs Lifts PT on Weatherford International plc (WFRD) to $107 From $83 - Here's Why,2026-03-09 08:51:34,Bitget
0,XOM,b5cc0f35,"AI Energy Stock Turbo Energy, S.A. (Nasdaq: TURB) Makes Nasdaq Top Gainer List as Oil Prices Spike",2026-03-09 20:52:42,Investorideas.com
1,XOM,bb94d7e4,Why Southern Copper (SCCO) Is Down 15.5% After China Demand Jitters And Analyst Downgrades - And What's Next,2026-03-09 19:51:35,Simply Wall St
2,XOM,578f2c3f,Why Canadian Natural Resources (CNQ) Is More Than Just an Oil Speculation Play,2026-03-09 19:51:28,NAI500
3,XOM,475c3275,Borr Drilling downs crews on Gulf jackups after regional hostilities,2026-03-09 18:52:52,World Oil
4,XOM,dc051915,Exxon Mobil Corporation (XOM) Price Target Raised to $151,2026-03-09 18:51:19,Finviz
5,XOM,393827fd,ConocoPhillips (COP) Favored at Goldman Amid the Middle East Crisis,2026-03-09 18:28:56,Finviz
6,XOM,e768a4a5,Can FMC Technologies (FTI) Run Higher on Rising Earnings Estimates?,2026-03-09 17:51:27,Finviz
7,XOM,73022b06,Oil Prices Jump on Geopolitical Tensions: 3 Energy Stocks to Watch,2026-03-09 17:30:11,Finviz
8,XOM,24340f66,Valero Energy Corp Stock (VLO) Moved Down by 3.18% on Mar 9: What Signal Does It Send?,2026-03-09 17:16:06,TradingKey
9,XOM,980f5594,Keeping long-term perspective as the Iran conflict continues,2026-03-09 15:50:27,Invesco
10,XOM,4b6f5da3,"Oil and Gas Wells Drilling Services Industry Report 2026-2035: A $61.38 Billion Market by 2030 with Saudi Arabian Oil Company, Exxon Mobil Corporation, and China National Petroleum Leading",2026-03-09 15:00:00,Yahoo Finance
11,XOM,107c83ab,US-Iran War Oil Shock: Is Detroit's Gas-Truck Bet at Risk?,2026-03-09 14:50:23,The Globe and Mail
12,XOM,b26d8dc8,Exxon Mobil Corp. (NYSE:XOM) Shows Strong Technical Setup for Potential Breakout,2026-03-09 13:51:10,ChartMill
13,XOM,47bf4fe1,What Is United States Oil Fund LP (USO Stock)? A Guide to the Best Way to Invest in Oil,2026-03-09 12:52:46,Bitget
14,XOM,14ec1d1f,AbbVie reports ‘positive’ results from Phase 1 study of ABBV-295,2026-03-09 12:19:37,TipRanks
15,XOM,7faa332b,Exxon Mobil Corporation $XOM Shares Sold by Swiss National Bank,2026-03-09 12:13:23,MarketBeat
16,XOM,85dd08bc,Schroder Investment Management Group Decreases Stock Holdings in Exxon Mobil Corporation $XOM,2026-03-09 12:13:23,MarketBeat
17,XOM,62daf87b,"WINTON GROUP Ltd Acquires 38,296 Shares of Exxon Mobil Corporation $XOM",2026-03-09 12:13:23,MarketBeat
18,XOM,df5ed725,Quiet Outperformance From an Overlooked Dividend ETF,2026-03-09 11:52:29,MarketBeat
19,XOM,c8db7d9a,"LGT Group Foundation Acquires 91,027 Shares of Exxon Mobil Corporation $XOM",2026-03-09 11:29:22,MarketBeat
20,XOM,2ac1ade5,Colombia EPIC Fury and Ecopetrol,2026-03-09 08:52:11,BM.GE
21,XOM,04437916,"Exxon Mobil Corporation (NYSE:XOM) Receives Consensus Recommendation of ""Hold"" from Brokerages",2026-03-09 06:51:44,MarketBeat
22,XOM,2e6e5f36,United States Oil Fund (USO) Stock Gains After Gulf Production Alert,2026-03-09 05:02:57,Meyka
23,XOM,4f0df8d6,The Bull Case For Air Products and Chemicals (APD) Could Change Following Yara-Linked Hydrogen Megaproject Talks - Learn Why,2026-03-09 02:18:43,Simply Wall Street
24,XOM,b6f1374d,McDonald’s Real Risk From $150 Oil Has Nothing to Do With Costs,2026-03-09 02:16:35,24/7 Wall St.
0,CVX,7b2623bf,Goldman Sees ConocoPhillips Free Cash Flow Shift As Key Test,2026-03-09 23:20:54,Simply Wall Street
1,CVX,b9c297af,"AI Energy Stock Turbo Energy, S.A. (Nasdaq: TURB) Makes Nasdaq Top Gainer List as Oil Prices Spike",2026-03-09 20:52:42,Investorideas.com
2,CVX,dd2610a0,Clearway Energy to Unify Share Classes Pending Vote,2026-03-09 19:52:18,Intellectia AI
3,CVX,014419fa,Why Canadian Natural Resources (CNQ) Is More Than Just an Oil Speculation Play,2026-03-09 19:51:28,NAI500
4,CVX,6621cb38,Borr Drilling downs crews on Gulf jackups after regional hostilities,2026-03-09 18:52:52,World Oil
5,CVX,6926960b,Chevron Corporation (CVX) to Suspend Production at Leviathan Gas Field Offshore Israel,2026-03-09 18:28:59,Finviz
6,CVX,222e7a66,ConocoPhillips (COP) Favored at Goldman Amid the Middle East Crisis,2026-03-09 18:28:56,Finviz
7,CVX,96bacfdd,Jim Cramer on Chevron CEO: “Michael Wirth Is the Best At What He Does”,2026-03-09 17:34:58,Insider Monkey
8,CVX,4271d6f9,Oil Prices Jump on Geopolitical Tensions: 3 Energy Stocks to Watch,2026-03-09 17:30:11,Finviz
9,CVX,5be91a60,Valero Energy Corp Stock (VLO) Moved Down by 3.18% on Mar 9: What Signal Does It Send?,2026-03-09 17:16:06,TradingKey
10,CVX,02e8b422,SCHD ETF stock rally has stalled: here's why it may rebound soon,2026-03-09 15:51:35,TradingView
11,CVX,a1df88f7,Keeping long-term perspective as the Iran conflict continues,2026-03-09 15:50:27,Invesco
12,CVX,1f6822a2,US-Iran War Oil Shock: Is Detroit's Gas-Truck Bet at Risk?,2026-03-09 14:50:23,The Globe and Mail
13,CVX,8a588855,What Is United States Oil Fund LP (USO Stock)? A Guide to the Best Way to Invest in Oil,2026-03-09 12:52:46,Bitget
14,CVX,541ce3d5,Resource Estimates for Chevron's Aphrodite Raised,2026-03-09 12:30:02,Rigzone
15,CVX,c2fb18e8,AbbVie reports ‘positive’ results from Phase 1 study of ABBV-295,2026-03-09 12:19:37,TipRanks
16,CVX,86b544e8,"War Flips LNG Surplus Narrative, Morgan Stanley Says",2026-03-09 12:18:43,Crude Oil Prices Today | OilPrice.com
17,CVX,5cf8f7c9,"WINTON GROUP Ltd Acquires 38,296 Shares of Exxon Mobil Corporation $XOM",2026-03-09 12:13:23,MarketBeat
18,CVX,10021563,"American Century Companies Inc. Decreases Position in Supernus Pharmaceuticals, Inc. $SUPN",2026-03-09 11:51:46,MarketBeat
19,CVX,8c9a40b0,Should you consider adding iShares Core High Dividend ETF (HDV) to your investment portfolio?,2026-03-09 11:28:00,Bitget
20,CVX,bb7db354,Colombia EPIC Fury and Ecopetrol,2026-03-09 08:52:11,BM.GE
21,CVX,724f3b8f,United States Oil Fund (USO) Stock Gains After Gulf Production Alert,2026-03-09 05:02:57,Meyka
22,CVX,4e4a7190,Chevron Executives Capitalize on Share Price Strength Amid Geopolitical Turmoil,2026-03-09 04:50:11,aktiencheck.de
23,CVX,060d28a6,The Bull Case For Air Products and Chemicals (APD) Could Change Following Yara-Linked Hydrogen Megaproject Talks - Learn Why,2026-03-09 02:18:43,Simply Wall Street
24,CVX,fc63905d,McDonald’s Real Risk From $150 Oil Has Nothing to Do With Costs,2026-03-09 02:16:35,24/7 Wall St.
0,COP,fd6ea08c,Goldman Sees ConocoPhillips Free Cash Flow Shift As Key Test,2026-03-09 23:20:54,Simply Wall Street
1,COP,38acc91d,"Insider Sell: Timothy Leach Sells 40,000 Shares of ConocoPhillips (COP)",2026-03-09 22:13:54,GuruFocus
2,COP,8092fecc,"AI Energy Stock Turbo Energy, S.A. (Nasdaq: TURB) Makes Nasdaq Top Gainer List as Oil Prices Spike",2026-03-09 20:52:42,Investorideas.com
3,COP,8078446f,"Barnwell Industries, Inc. (BRN) Competitors",2026-03-09 19:52:31,Meyka
4,COP,bb6c5dac,Why Canadian Natural Resources (CNQ) Is More Than Just an Oil Speculation Play,2026-03-09 19:51:28,NAI500
5,COP,31bcd565,Borr Drilling downs crews on Gulf jackups after regional hostilities,2026-03-09 18:52:52,World Oil
6,COP,7ef68813,"Piper Sandler Raises EOG Resources, Inc. (EOG) Price Target to $127",2026-03-09 18:50:09,Insider Monkey
7,COP,c3a589d0,Grupo Aval (NYSE: AVAL) reports 2025 ESG gains and COP 46.9T sustainable portfolio,2026-03-09 17:52:37,Stock Titan
8,COP,555805de,Can FMC Technologies (FTI) Run Higher on Rising Earnings Estimates?,2026-03-09 17:51:27,Finviz
9,COP,3a422819,SCHD ETF stock rally has stalled: here's why it may rebound soon,2026-03-09 15:51:35,TradingView
10,COP,ce0ae7f4,"Oil and Gas Wells Drilling Services Industry Report 2026-2035: A $61.38 Billion Market by 2030 with Saudi Arabian Oil Company, Exxon Mobil Corporation, and China National Petroleum Leading",2026-03-09 15:00:00,Yahoo Finance
11,COP,0bf8276e,Keeping long-term perspective as the Iran conflict continues,2026-03-09 14:53:30,Invesco
12,COP,8c988755,"W&T Offshore Q4 2025 Results: Quarterly Loss of $27.1M, Annual Revenue $501.5M - News and Statistics",2026-03-09 14:52:57,IndexBox
13,COP,d707f8a1,LGT Fund Management Co Ltd. Boosts EOG Resources Holdings by 649%,2026-03-09 12:54:13,National Today
14,COP,00f9a40d,What Is United States Oil Fund LP (USO Stock)? A Guide to the Best Way to Invest in Oil,2026-03-09 12:52:46,Bitget
15,COP,66fe97f8,ConocoPhillips $COP Shares Sold by Swiss National Bank,2026-03-09 12:37:01,MarketBeat
16,COP,30c52110,"War Flips LNG Surplus Narrative, Morgan Stanley Says",2026-03-09 12:18:43,Crude Oil Prices Today | OilPrice.com
17,COP,a12168d4,Schroder Investment Management Group Trims Position in ConocoPhillips $COP,2026-03-09 12:17:01,MarketBeat
18,COP,552ed18a,Borr Drilling Puts Three Jack-Up Rigs in Arabian Gulf on Standby,2026-03-09 11:52:46,Offshore Engineer Magazine
19,COP,1f4e5d31,Raymond James raises Devon Energy stock price target on oil price surge,2026-03-09 11:50:08,Investing.com
20,COP,e8c5c751,"The Best Dividend ETF to Invest $1,000 in Right Now",2026-03-09 09:53:19,The Globe and Mail
21,COP,fa02f66d,Dalal Street LLC Reduces Stake in Valaris Limited,2026-03-09 09:51:54,National Today
22,COP,fd6d3dd0,Colombia EPIC Fury and Ecopetrol,2026-03-09 08:52:11,BM.GE
23,COP,131ee21a,United States Oil Fund (USO) Stock Gains After Gulf Production Alert,2026-03-09 05:02:57,Meyka
24,COP,845381cd,"Riley Exploration Permian, Inc. (REPX) Reports 2025 Results and Provides 2026 Guidance",2026-03-09 03:04:00,Finviz - Stock Screener
0,KO,01798760,Barco Joins the Coca-Cola Company as Official Co-Presenting Sponsor of Cinemacon 2026,2026-03-09 23:17:28,Celluloid Junkie
1,KO,6d69687c,Coca-Cola Balances Leadership Shift Insider Selling And Ongoing Dividend Growth,2026-03-09 22:27:28,Simply Wall Street
2,KO,297d932f,Diet Cherry Coke Is Starting to Show Up in Washington Stores,2026-03-09 21:29:25,NewsRadio 560 KPQ
3,KO,538cec8d,Coca-Cola Europacific (CCEP) 2025 Revenue Hits €20.9B as Operating Profit Rises 31% to €2.79B,2026-03-09 20:14:00,Insider Monkey
4,KO,9459e579,Monster Beverage Stock: Is MNST Underperforming the Consumer Staples Sector?,2026-03-09 17:50:43,Yahoo Finance
5,KO,6f1d1111,Are Emerging Markets Key to Coca-Cola's Long-Term Revenue Growth?,2026-03-09 16:22:31,The Globe and Mail
6,KO,b9dce785,Coca-Cola Stock Clears $3 EPS and Names a New CEO: Here’s What Comes Next,2026-03-09 14:52:35,TIKR.com
7,KO,7b559bd8,"Explosion At Coca-Cola Bottling Facility Leaves Four Injured, One Critical In Baltimore",2026-03-09 14:50:35,dailyvoice.com
8,KO,18937758,4 hurt in explosion at Baltimore Coca-Cola bottling facility,2026-03-09 13:50:35,newscentermaine.com
9,KO,77469aa4,Coca-Cola revives Van Halen’s ‘Jump’ for the 2026 World Cup,2026-03-09 12:59:38,Ad Age
10,KO,66329274,Schroder Investment Management Group Grows Stake in Monster Beverage Corporation $MNST,2026-03-09 12:17:41,MarketBeat
11,KO,d178eb35,Explosion at Coca-Cola facility in Baltimore leaves multiple people injured,2026-03-09 12:11:33,FOX 5 DC
12,KO,d5060cea,Korea Investment CORP Has $57.58 Million Stock Position in Monster Beverage Corporation $MNST,2026-03-09 10:10:51,MarketBeat
13,KO,45c1a77a,Natixis Advisors LLC Grows Stock Holdings in Monster Beverage Corporation $MNST,2026-03-09 10:10:51,MarketBeat
14,KO,56981ef9,Head-To-Head Comparison: Atlanticus vs. BTC Digital,2026-03-09 09:52:26,National Today
0,PEP,7461aa9a,Coca-Cola Balances Leadership Shift Insider Selling And Ongoing Dividend Growth,2026-03-09 22:27:28,Simply Wall Street
1,PEP,bf34da48,Monster Beverage Stock: Is MNST Underperforming the Consumer Staples Sector?,2026-03-09 17:50:43,Yahoo Finance
2,PEP,a9304391,Are Emerging Markets Key to Coca-Cola's Long-Term Revenue Growth?,2026-03-09 16:22:31,The Globe and Mail
3,PEP,48ad22dd,Schroder Investment Management Group Grows Stake in Monster Beverage Corporation $MNST,2026-03-09 12:17:41,MarketBeat
4,PEP,0f8ecb3e,"PepsiCo, Inc. $PEP Shares Sold by Swiss National Bank",2026-03-09 12:14:52,MarketBeat
5,PEP,1ec225ff,"LGT Group Foundation Acquires 12,528 Shares of PepsiCo, Inc. $PEP",2026-03-09 11:50:52,MarketBeat
6,PEP,4414c145,"Prevail Innovative Wealth Advisors LLC Buys Shares of 56,654 Kraft Heinz Company $KHC",2026-03-09 10:53:23,MarketBeat
7,PEP,b5006eb7,"PepsiCo, Inc. $PEP Stock Position Trimmed by Russell Investments Group Ltd.",2026-03-09 10:50:52,MarketBeat
8,PEP,2d962a4a,"ProVise Management Group LLC Boosts Position in PepsiCo, Inc. $PEP",2026-03-09 10:39:04,MarketBeat
9,PEP,a563c397,"Pinnacle Associates Ltd. Purchases 22,115 Shares of PepsiCo, Inc. $PEP",2026-03-09 10:24:04,MarketBeat
10,PEP,886cd971,Korea Investment CORP Has $57.58 Million Stock Position in Monster Beverage Corporation $MNST,2026-03-09 10:10:51,MarketBeat
11,PEP,f059a7b8,"Natixis Advisors LLC Purchases 9,951 Shares of PepsiCo, Inc. $PEP",2026-03-09 10:09:04,MarketBeat
12,PEP,58eaef27,"Bell Asset Management Ltd Decreases Holdings in PepsiCo, Inc. $PEP",2026-03-09 07:51:03,MarketBeat
13,PEP,0b8eecf4,Analyst Sentiment Reinforces Bill Ackman’s Views on Restaurant Brands International Inc. (QSR),2026-03-09 02:44:00,Insider Monkey
14,PEP,fc04006f,XLP vs. FTXG: The Clash of Consumer Staple ETFs,2026-03-09 01:09:25,The Globe and Mail
0,MCD,f3eee460,Q4 Earnings Roundup: Yum! Brands (NYSE:YUM) And The Rest Of The Traditional Fast Food Segment,2026-03-09 23:41:00,Finviz
1,MCD,c98edc94,Jack in the Box Selects Restaurant365,2026-03-09 15:51:56,Orange County Business Journal
2,MCD,2c8d355d,WINTON GROUP Ltd Buys New Stake in McDonald's Corporation $MCD,2026-03-09 12:17:41,MarketBeat
3,MCD,d4846153,Swiss National Bank Cuts Stock Position in McDonald's Corporation $MCD,2026-03-09 12:15:41,MarketBeat
4,MCD,8e127ab6,"LGT Group Foundation Buys 60,546 Shares of McDonald's Corporation $MCD",2026-03-09 11:50:41,MarketBeat
5,MCD,25b80181,Inceptionr LLC Raises Position in McDonald's Corporation $MCD,2026-03-09 10:50:41,MarketBeat
6,MCD,000c8a09,Fieldview Capital Management LLC Acquires New Stake in McDonald's Corporation $MCD,2026-03-09 08:55:29,MarketBeat
7,MCD,0c914335,Analyst Sentiment Reinforces Bill Ackman's Views on Restaurant Brands International Inc. (QSR),2026-03-09 07:24:17,Finviz - Stock Screener
8,MCD,997a9778,Krispy Kreme Is Bringing Back a Beloved Rare Doughnut for a Limited Time,2026-03-09 03:51:27,Allrecipes
9,MCD,79a69666,Analyst Sentiment Reinforces Bill Ackman’s Views on Restaurant Brands International Inc. (QSR),2026-03-09 02:44:00,Insider Monkey
10,MCD,2642dd1e,McDonald’s Real Risk From $150 Oil Has Nothing to Do With Costs,2026-03-09 02:16:35,24/7 Wall St.
11,MCD,14c57118,"Activist Starboard builds stake in Lamb Weston, urges quicker turnaround, WSJ reports",2026-03-09 00:57:33,Reuters
0,NKE,efe74fa6,Form 424B2 BARCLAYS BANK PLC,2026-03-09 16:52:20,StreetInsider
0,DIS,2ca04b3a,Exploring Business Segments Across The Walt Disney Company Australia and New Zealand,2026-03-09 19:49:57,Disney.com
1,DIS,8ee013a9,"These cruise lines have the cleanest ships, according to new report",2026-03-09 18:27:54,https://travelhost.com/
2,DIS,205abd22,Disney Stock Slides To Start The Week: What's Behind The Weakness? - Walt Disney (NYSE:DIS),2026-03-09 16:50:00,Benzinga
3,DIS,a8db1a0a,JAKKS Pacific announces agreement with SEGA for Sonic the Hedgehog 4 movie,2026-03-09 15:52:09,My Nintendo News
4,DIS,086eaa1e,"Schroder Investment Management Group Purchases 855,500 Shares of The Walt Disney Company $DIS",2026-03-09 11:50:06,MarketBeat
5,DIS,7dec7aa1,"MediaCo Holding Inc. Appoints René Santaella as Chief Growth & Innovation Officer, Effective March 9, 2026",2026-03-09 09:00:00,www.marketscreener.com
6,DIS,fe4f4d45,China streaming giant crowns i-dle member Yuqi Woman of the Year,2026-03-09 06:53:26,The Korea Times
0,WMT,9de9a2c6,Diet Cherry Coke Is Starting to Show Up in Washington Stores,2026-03-09 21:29:25,NewsRadio 560 KPQ
1,WMT,006bbccb,11 Best Kirkland’s Home New Arrivals Hitting Shelves This Month,2026-03-09 21:09:00,Best Life
2,WMT,f431cdef,Costco to open 28 new stores this year. Any in Florida?,2026-03-09 20:49:53,The Palm Beach Post
3,WMT,19359f8e,2 Long Term Favorite Stocks Trading Near 52-Week Highs,2026-03-09 19:49:50,TradingView
4,WMT,d20dcb93,Unique Snacks adds SKUs to Northeast Walmart stores,2026-03-09 19:05:17,Commercial Baking
5,WMT,a0bfe61b,Walmart closes stores in February,2026-03-09 18:24:18,Supermarket News
6,WMT,fd5df706,e.l.f. Beauty (NYSE:ELF) Shares Down 10.2% - Here's What Happened,2026-03-09 17:52:14,MarketBeat
7,WMT,d76bfaad,"Grocery Outlet closing 9 stores in California, including La Habra location",2026-03-09 17:51:15,Orange County Register
8,WMT,1a4acbb8,Super Mario Galaxy invades cereal aisle in General Mills tie-in,2026-03-09 15:00:20,Stock Titan
9,WMT,26641e48,General Mills Brings the Whole Family Together with New The Super Mario Galaxy Movie Themed Foods,2026-03-09 14:50:17,General Mills
10,WMT,f162d1ec,The Membership Moat: A Deep Dive into Costco Wholesale Corp. (NASDAQ: COST) in 2026,2026-03-09 14:11:58,FinancialContent
11,WMT,bbd9761d,"Kroger has ‘all the ingredients to win,’ new CEO Foran says",2026-03-09 13:39:36,Baking Business
12,WMT,1e225b1b,Walmart's Flipkart shifts base to India as it prepares for IPO,2026-03-09 12:48:00,Reuters
13,WMT,b58c5d25,Walmart Inc. $WMT is Vestcor Inc's 10th Largest Position,2026-03-09 12:31:28,MarketBeat
14,WMT,d0bb915e,WINTON GROUP Ltd Makes New $17.40 Million Investment in Walmart Inc. $WMT,2026-03-09 12:17:28,MarketBeat
15,WMT,ce180853,"Albertsons Companies, Inc. Class A Common Stock (NY: ACI)",2026-03-09 12:09:28,FinancialContent
16,WMT,e52859bc,"Pinpoint Asset Management Singapore Pte. Ltd. Invests $915,000 in Walmart Inc. $WMT",2026-03-09 11:51:28,MarketBeat
17,WMT,6a714907,"Private Advisor Group LLC Purchases 2,318 Shares of Costco Wholesale Corporation $COST",2026-03-09 11:09:01,MarketBeat
18,WMT,6ba9aa2b,Mosaic Advisors LLC Acquires New Shares in Walmart Inc. $WMT,2026-03-09 10:51:28,MarketBeat
19,WMT,233d6c9f,Private Advisor Group LLC Has $79.06 Million Holdings in Walmart Inc. $WMT,2026-03-09 10:51:28,MarketBeat
20,WMT,ebad4e55,Prevail Innovative Wealth Advisors LLC Has $1.44 Million Holdings in Target Corporation $TGT,2026-03-09 10:51:13,MarketBeat
21,WMT,00ca54e8,"Jefferies Financial Group Inc. Raises Holdings in Lowe's Companies, Inc. $LOW",2026-03-09 10:46:41,MarketBeat
22,WMT,4c811292,Flowers Foods installs new leader at Simple Mills,2026-03-09 08:51:38,Food & Drink International
23,WMT,ca912289,"Gap Inc. CTO Sven Gerjets: ""AI isn’t changing who we are. It’s extending what’s possible""",2026-03-09 06:52:25,Retail Technology Innovation Hub
24,WMT,e879373f,XLP vs. FTXG: The Clash of Consumer Staple ETFs,2026-03-09 01:09:25,The Globe and Mail
0,COST,9b752c8b,11 Best Kirkland’s Home New Arrivals Hitting Shelves This Month,2026-03-09 21:09:00,Best Life
1,COST,2d964857,Costco to open 28 new stores this year. Any in Florida?,2026-03-09 20:49:53,The Palm Beach Post
2,COST,11edf293,Costco vows to 'return value' of tariff money back to shoppers if refunds come,2026-03-09 20:23:01,Irish Star
3,COST,544cd2be,Port St. Lucie leaders unanimously approve land deal for future Costco store,2026-03-09 19:49:56,WPEC
4,COST,e09d1686,"Grocery Outlet closing 9 stores in California, including La Habra location",2026-03-09 17:51:15,Orange County Register
5,COST,e89a64f4,Truist Lifts PT on Costco Wholesale Corporation (COST) to $977 From $926 - Here's Why,2026-03-09 17:49:59,Bitget
6,COST,26af81d6,"Costco, Port St. Lucie, OK $6 million land deal for new store",2026-03-09 17:29:54,Treasure Coast News
7,COST,789c9d50,Port St. Lucie leaders meet to discuss land sale for new Costco retail store,2026-03-09 16:31:56,WPTV
8,COST,762c1dd5,Do Costco's February Comparable Sales Justify Its Premium Valuation?,2026-03-09 15:08:58,The Globe and Mail
9,COST,30eee7c3,The Membership Moat: A Deep Dive into Costco Wholesale Corp. (NASDAQ: COST) in 2026,2026-03-09 14:11:58,FinancialContent
10,COST,5e40a01b,Costco ties digital personalization to $470M in sales growth,2026-03-09 13:49:58,Retail Dive
11,COST,9d34b7ad,Costco Wholesale Corporation (COST) Is Gaining Attention: Key Information to Consider Before Investing,2026-03-09 13:49:56,Bitget
12,COST,6dfd9c4c,"Vestcor Inc Purchases 1,159 Shares of Costco Wholesale Corporation $COST",2026-03-09 12:49:56,MarketBeat
13,COST,229f0f93,"Private Advisor Group LLC Purchases 2,318 Shares of Costco Wholesale Corporation $COST",2026-03-09 11:09:01,MarketBeat
14,COST,be8daca5,Russell Investments Group Ltd. Has $357.94 Million Stake in Costco Wholesale Corporation $COST,2026-03-09 10:49:56,MarketBeat
15,COST,3f335580,5 things to know about the Costco store proposed for Port St. Lucie,2026-03-09 09:24:47,Treasure Coast News
16,COST,16c2def2,Flowers Foods installs new leader at Simple Mills,2026-03-09 08:51:38,Food & Drink International
17,COST,6baa0f75,Costco Wholesale Corporation $COST Shares Sold by Diversify Advisory Services LLC,2026-03-09 08:23:58,MarketBeat
18,COST,012486a5,Citi Maintains Neutral Rating on Costco Wholesale Corporation (COST) with $1000 Target,2026-03-09 03:49:55,Bitget
19,COST,24523892,XLP vs. FTXG: The Clash of Consumer Staple ETFs,2026-03-09 01:09:25,The Globe and Mail
0,UNH,d7984a8f,UnitedHealth Group (UNH) to Present at Barclays 28th Annual Global Healthcare Conference,2026-03-09 23:50:59,GuruFocus
1,UNH,b404746e,"LifeMD, Inc. (LFMD) Reports Q4 Loss, Tops Revenue Estimates",2026-03-09 22:52:28,Bitget
2,UNH,f82750f7,Dow Jones Industrial Average Monitor update: A look at 30 US large-caps,2026-03-09 22:50:52,S&P Global
3,UNH,bd239c33,Study: Telehealth did not boost mental health access in rural areas,2026-03-09 20:52:42,TechTarget
4,UNH,9c1df73c,"Deadline arrives for INTEGRIS, UnitedHealth agreement, potentially shaking up care for thousands",2026-03-09 20:51:00,KOCO 5 News
5,UNH,fc7c1583,"Healthcare Jobs Drop, UnitedHealth Stock Slips: Opportunity or Risk?",2026-03-09 14:51:17,Yahoo Finance Singapore
6,UNH,24be19fa,A Look At Alignment Healthcare (ALHC) Valuation After The Recent 13.2 Million Share Secondary Offering,2026-03-09 14:36:38,Simply Wall St
7,UNH,3411ad5d,Strong 2025 results and governance changes at Deluxe (NYSE: DLX) ahead of 2026 vote,2026-03-09 12:52:44,Stock Titan
8,UNH,6b783064,Abeona Therapeutics® Provides Business Update Highlighting Building Momentum in ZEVASKYN® Commercial Launch,2026-03-09 11:52:00,The Manila Times
9,UNH,cda5bfb1,Stryker Corporation $SYK Shares Acquired by Dundas Partners LLP,2026-03-09 08:57:59,MarketBeat
10,UNH,2ef2dbfa,"Crossmark Global Holdings Inc. Sells 13,829 Shares of Humana Inc. $HUM",2026-03-09 08:11:24,MarketBeat
11,UNH,97294629,"Universal Health Services, Inc. to Acquire Talkspace, Inc.",2026-03-09 07:39:00,PR Newswire
12,UNH,f4cd8754,Zacks Research Raises Earnings Estimates for HCA Healthcare,2026-03-09 05:12:37,MarketBeat
0,QQQ,7c6a5572,"ProShares UltraPro QQQ ETF Options Spot-On: On March 9th, 414.56K Contracts Were Traded, With 1.68 Million Open Interest",2026-03-09 20:42:25,富途牛牛
1,QQQ,f1a3a089,QQQ ETF Results: The Importance of Technology-Driven Growth Today,2026-03-09 16:51:23,Bitget
2,QQQ,136531f6,GraniteShares YieldBOOST QQQ ETF declares $0.1369 dividend,2026-03-09 09:51:15,MSN
0,IWM,f8d36489,"IShares Russell 2000 ETF Options Spot-On: On March 9th, 3.07 Million Contracts Were Traded, With 10.59 Million Open Interest",2026-03-09 21:52:08,富途牛牛
